ACCURACY,ALG_NAME,AUC,Average F-Score,PRESCISION,RECALL,RUNTIME,THRESHOLD
0.01,FeedForwardClassifier_TFidf_100,0.5,0.009900990099009901,0.0,0.5,65.016,0.07
0.01,FeedForwardClassifier_TFidf_100,0.5,0.009900990099009901,0.0,0.5,64.748,0.1
0.07,FeedForwardClassifier_TFidf_100,0.5008080808080807,0.06791827648624121,0.5,0.5,65.093,0.25
0.62,FeedForwardClassifier_TFidf_100,0.49535353535353543,0.3909941400173699,0.5,0.5,65.081,0.5
0.96,FeedForwardClassifier_TFidf_100,0.5004545454545455,0.4978557134694271,0.5,0.5,66.266,0.7
