ACCURACY,ALG_NAME,AUC,Average F-Score,PRESCISION,RECALL,RUNTIME,THRESHOLD
0.01,FeedForwardClassifier_LSA_100,0.5,0.009900990099009901,0.0,0.5,0.955,0.07
0.01,FeedForwardClassifier_LSA_100,0.5,0.009900990099009901,0.0,0.5,0.635,0.1
0.05,FeedForwardClassifier_LSA_100,0.49671717171717167,0.05143547346009058,0.5,0.5,0.631,0.25
0.48,FeedForwardClassifier_LSA_100,0.5076767676767677,0.3312820537951428,0.5,0.51,0.633,0.5
0.93,FeedForwardClassifier_LSA_100,0.49893939393939396,0.48993389212310445,0.5,0.5,0.633,0.7
