ACCURACY,ALG_NAME,AUC,Average F-Score,PRESCISION,RECALL,RUNTIME,THRESHOLD
0.98,LSTM_100,0.5959595959595959,0.5959595959595959,0.6,0.6,303.234,0.0005355040775611997
