ACCURACY,ALG_NAME,AUC,Average F-Score,PRESCISION,RECALL,RUNTIME,THRESHOLD
0.77,RandomForestClassifier_TFidf_100,0.48449494949494953,0.4441144001294927,0.5,0.48,6.854,0.02
0.96,RandomForestClassifier_TFidf_100,0.5002525252525253,0.497673998172773,0.5,0.5,6.348,0.1
0.97,RandomForestClassifier_TFidf_100,0.5076767676767677,0.5028437338424213,0.5,0.51,6.258,0.14
0.99,RandomForestClassifier_TFidf_100,0.4984848484848485,0.4967287367891293,0.49,0.5,6.387,0.22
0.99,RandomForestClassifier_TFidf_100,0.49833333333333335,0.4966527407258267,0.49,0.5,6.496,0.25
0.99,RandomForestClassifier_TFidf_100,0.499949494949495,0.49746218402934816,0.49,0.5,6.18,0.3
