ACCURACY,ALG_NAME,AUC,Average F-Score,PRESCISION,RECALL,RUNTIME,THRESHOLD
0.78,RandomForestClassifier_LSA_100,0.4904545454545454,0.4452458245498283,0.5,0.49,1.99,0.07
0.94,RandomForestClassifier_LSA_100,0.4894949494949495,0.48941234583984716,0.5,0.49,1.712,0.1
0.98,RandomForestClassifier_LSA_100,0.4963131313131313,0.49563726231905986,0.49,0.5,1.696,0.25
0.99,RandomForestClassifier_LSA_100,0.499949494949495,0.49746218402934816,0.49,0.5,1.617,0.5
0.99,RandomForestClassifier_LSA_100,0.5,0.49748743718592964,0.5,0.5,1.835,0.7
